Strategy,Sharpe,Annual Return,Max DD,Win Rate,Final Capital
1. Baseline (Equal Weight),-0.011135172332762278,-5.6282842691657287e-05,-0.012304583111365612,0.4890453834115806,99942.92780251002
2. + Kelly Optimization,-0.011228106696937013,-6.9540846366900055e-06,-0.001764384872489556,0.492566510172144,99992.94679552203
3. + Cross-Asset,-0.06444872116484802,-2.778721882445989e-05,-0.0011774875863197315,0.49178403755868544,99971.8194007964
4. + Intraday Timing,-0.15625185598055308,-6.656415006678351e-05,-0.0012497974045849788,0.49061032863849763,99932.50547417176
