Currency,Signal,Predicted_Return,R2_Score
GBP,0.6342219928289992,1.4968955131177335,-0.9064989992982628
CAD,0.3116053221765352,0.6446447696556905,-0.05172588278357537
EUR,-0.09282366326817723,-0.18618329359410538,0.2774753761490045
JPY,-0.3852164010896248,-0.8123413184956567,-0.8740633310169776
AUD,-0.4282333221930046,-0.9154625182124349,-0.987691491225722
BRL,-0.47274417609361735,-1.0271968608369861,-2.3814311444531437
CHF,-0.5394392544477232,-1.206728749449866,-0.04832768619360306
MXN,-0.7657631263466841,-2.0200053582091972,-1.274382237402214
