Currency,Position_USD,Position_Pct,Signal,Expected_Return
GBP,0.0,0.0,0.6342219928289992,1.4968955131177335
CAD,0.0,0.0,0.3116053221765352,0.6446447696556905
JPY,-0.0,-0.0,-0.3852164010896248,-0.8123413184956567
AUD,-0.0,-0.0,-0.4282333221930046,-0.9154625182124349
BRL,-0.0,-0.0,-0.47274417609361735,-1.0271968608369861
CHF,-0.0,-0.0,-0.5394392544477232,-1.206728749449866
MXN,-0.0,-0.0,-0.7657631263466841,-2.0200053582091972
EUR,-2575.628088086601,-2.575628088086601,-0.09282366326817723,-0.18618329359410538
